degree_title,link,department
,,Faculty of Social and Historical Sciences | History
,,Faculty of Arts and Humanities | Hebrew and Jewish Studies
,,Faculty of Arts and Humanities | Hebrew and Jewish Studies
,,Faculty of Social and Historical Sciences | Anthropology
,,Faculty of Social and Historical Sciences | Anthropology
,,Faculty of Medical Sciences | Division of Medicine
,,Faculty of Social and Historical Sciences | Institute of Archaeology
,,Faculty of Social and Historical Sciences | Institute of Archaeology
,,Faculty of Social and Historical Sciences | Institute of Archaeology
,,Faculty of Social and Historical Sciences | Institute of Archaeology
,,Faculty of Social and Historical Sciences | Institute of Archaeology
,,Faculty of the Built Environment | Bartlett School of Architecture
,,Faculty of the Built Environment | Bartlett School of Architecture
,,Faculty of the Built Environment | Bartlett School of Architecture
,,Faculty of the Built Environment | Bartlett School of Architecture
,,Faculty of Arts and Humanities | Slade School of Fine Art
,,Faculty of Arts and Humanities | Arts and Sciences BASc
,,Faculty of Arts and Humanities | Arts and Sciences BASc
,,Faculty of Mathematical and Physical Sciences | Physics and Astronomy
,,Faculty of Mathematical and Physical Sciences | Physics and Astronomy
,,Faculty of Brain Sciences | Ear Institute
,,Faculty of Laws | Laws
,,Faculty of Engineering Sciences | Biochemical Engineering
,,Faculty of Engineering Sciences | Biochemical Engineering
,,Faculty of Life Sciences | Division of Biosciences
,,Faculty of Life Sciences | Division of Biosciences
,,Faculty of Life Sciences | Division of Biosciences
,,Faculty of Life Sciences | Division of Biosciences
,,Faculty of Engineering Sciences | Medical Physics and Biomedical Engineering
,,Faculty of Engineering Sciences | Medical Physics and Biomedical Engineering
,,Faculty of Life Sciences | Division of Biosciences
,,Faculty of Engineering Sciences | Biochemical Engineering
,,Faculty of Arts and Humanities | SSEES - School of Slavonic and East European Studies
,,Faculty of Arts and Humanities | SSEES - School of Slavonic and East European Studies
,,Faculty of Arts and Humanities | SSEES - School of Slavonic and East European Studies
,,Faculty of Arts and Humanities | SSEES - School of Slavonic and East European Studies
,,Faculty of Arts and Humanities | SSEES - School of Slavonic and East European Studies
,,Faculty of Arts and Humanities | SSEES - School of Slavonic and East European Studies
,,Faculty of Arts and Humanities | SSEES - School of Slavonic and East European Studies
,,Faculty of Arts and Humanities | Hebrew and Jewish Studies
,,Faculty of Arts and Humanities | SSEES - School of Slavonic and East European Studies
,,Faculty of Arts and Humanities | SSEES - School of Slavonic and East European Studies
,,Faculty of Arts and Humanities | SSEES - School of Slavonic and East European Studies
,,Faculty of Arts and Humanities | SSEES - School of Slavonic and East European Studies
,,Faculty of Arts and Humanities | SSEES - School of Slavonic and East European Studies
,,Faculty of Arts and Humanities | SSEES - School of Slavonic and East European Studies
,,Faculty of Arts and Humanities | SSEES - School of Slavonic and East European Studies
,,Faculty of Arts and Humanities | SSEES - School of Slavonic and East European Studies
,,Faculty of Arts and Humanities | SSEES - School of Slavonic and East European Studies
,,Faculty of Arts and Humanities | SSEES - School of Slavonic and East European Studies
,,Faculty of Arts and Humanities | SSEES - School of Slavonic and East European Studies
,,Faculty of Arts and Humanities | Hebrew and Jewish Studies
,,Faculty of Population Health Sciences | Global Business School for Health
,,Faculty of Population Health Sciences | Global Business School for Health
,,Faculty of Medical Sciences | Cancer Institute
,,Faculty of Medical Sciences | Cancer Institute
,,Faculty of Engineering Sciences | Chemical Engineering
,,Faculty of Engineering Sciences | Chemical Engineering
,,Faculty of Mathematical and Physical Sciences | Chemistry
,,Faculty of Mathematical and Physical Sciences | Chemistry
,,Faculty of Mathematical and Physical Sciences | Chemistry
,,Faculty of Mathematical and Physical Sciences | Chemistry
,,Faculty of Mathematical and Physical Sciences | Chemistry
,,Faculty of Mathematical and Physical Sciences | Chemistry
,,Faculty of Mathematical and Physical Sciences | Chemistry
,,"Faculty of Engineering Sciences | Civil, Environmental and Geomatic Engineering"
,,"Faculty of Engineering Sciences | Civil, Environmental and Geomatic Engineering"
,,Faculty of Social and Historical Sciences | Institute of Archaeology
,,Faculty of Arts and Humanities | Greek and Latin
,,Faculty of Arts and Humanities | Greek and Latin
,,"Institute of Education | Culture, Communication and Media"
,,"Faculty of Arts and Humanities | School of European Languages, Culture and Society"
,,"Faculty of Arts and Humanities | School of European Languages, Culture and Society"
,,Faculty of Engineering Sciences | Computer Science
,,Faculty of Engineering Sciences | Computer Science
,,Faculty of Engineering Sciences | Computer Science
,,Faculty of Engineering Sciences | Computer Science
,,Faculty of the Built Environment | Bartlett School of Sustainable Construction
,,Faculty of the Built Environment | Bartlett School of Sustainable Construction
,,Faculty of Arts and Humanities | Arts and Sciences BASc
,,Faculty of Engineering Sciences | Security and Crime Science
,,Faculty of Engineering Sciences | Security and Crime Science
,,Faculty of Arts and Humanities | SSEES - School of Slavonic and East European Studies
,,Faculty of Arts and Humanities | SSEES - School of Slavonic and East European Studies
,,Faculty of Arts and Humanities | SSEES - School of Slavonic and East European Studies
,,Faculty of Arts and Humanities | SSEES - School of Slavonic and East European Studies
,,Faculty of Arts and Humanities | SSEES - School of Slavonic and East European Studies
,,Faculty of Arts and Humanities | SSEES - School of Slavonic and East European Studies
,,Faculty of Arts and Humanities | Hebrew and Jewish Studies
,,Faculty of Arts and Humanities | SSEES - School of Slavonic and East European Studies
,,Faculty of Arts and Humanities | SSEES - School of Slavonic and East European Studies
,,Faculty of Arts and Humanities | SSEES - School of Slavonic and East European Studies
,,Faculty of Arts and Humanities | SSEES - School of Slavonic and East European Studies
,,Faculty of Arts and Humanities | SSEES - School of Slavonic and East European Studies
,,Faculty of Arts and Humanities | SSEES - School of Slavonic and East European Studies
,,Faculty of Arts and Humanities | SSEES - School of Slavonic and East European Studies
,,Faculty of Arts and Humanities | SSEES - School of Slavonic and East European Studies
,,Faculty of Arts and Humanities | SSEES - School of Slavonic and East European Studies
,,Faculty of Arts and Humanities | SSEES - School of Slavonic and East European Studies
,,Faculty of Arts and Humanities | SSEES - School of Slavonic and East European Studies
,,Faculty of Arts and Humanities | Hebrew and Jewish Studies
,,"Faculty of Arts and Humanities | School of European Languages, Culture and Society"
,,Faculty of Arts and Humanities | SSEES - School of Slavonic and East European Studies
,,"Faculty of Arts and Humanities | School of European Languages, Culture and Society"
,,"Faculty of Arts and Humanities | School of European Languages, Culture and Society"
,,Faculty of Arts and Humanities | Hebrew and Jewish Studies
,,Faculty of Arts and Humanities | SSEES - School of Slavonic and East European Studies
,,"Faculty of Arts and Humanities | School of European Languages, Culture and Society"
,,Faculty of Arts and Humanities | SSEES - School of Slavonic and East European Studies
,,"Faculty of Arts and Humanities | School of European Languages, Culture and Society"
,,Faculty of Arts and Humanities | SSEES - School of Slavonic and East European Studies
,,Faculty of Arts and Humanities | SSEES - School of Slavonic and East European Studies
,,Faculty of Arts and Humanities | SSEES - School of Slavonic and East European Studies
,,"Faculty of Arts and Humanities | School of European Languages, Culture and Society"
,,Faculty of Arts and Humanities | SSEES - School of Slavonic and East European Studies
,,Faculty of Arts and Humanities | Hebrew and Jewish Studies
,,Faculty of Mathematical and Physical Sciences | Statistical Science
,,"Faculty of Arts and Humanities | School of European Languages, Culture and Society"
,,Faculty of Arts and Humanities | SSEES - School of Slavonic and East European Studies
,,"Faculty of Arts and Humanities | School of European Languages, Culture and Society"
,,"Faculty of Arts and Humanities | School of European Languages, Culture and Society"
,,Faculty of Arts and Humanities | Hebrew and Jewish Studies
,,"Faculty of Arts and Humanities | School of European Languages, Culture and Society"
,,Faculty of Arts and Humanities | SSEES - School of Slavonic and East European Studies
,,"Faculty of Arts and Humanities | School of European Languages, Culture and Society"
,,"Faculty of Arts and Humanities | School of European Languages, Culture and Society"
,,"Faculty of Arts and Humanities | School of European Languages, Culture and Society"
,,"Faculty of Arts and Humanities | School of European Languages, Culture and Society"
,,"Faculty of Arts and Humanities | School of European Languages, Culture and Society"
,,Faculty of Arts and Humanities | SSEES - School of Slavonic and East European Studies
,,"Faculty of Arts and Humanities | School of European Languages, Culture and Society"
,,Faculty of Arts and Humanities | SSEES - School of Slavonic and East European Studies
,,Faculty of Arts and Humanities | SSEES - School of Slavonic and East European Studies
,,Faculty of Arts and Humanities | SSEES - School of Slavonic and East European Studies
,,"Faculty of Arts and Humanities | School of European Languages, Culture and Society"
,,"Faculty of Arts and Humanities | School of European Languages, Culture and Society"
,,Faculty of Arts and Humanities | SSEES - School of Slavonic and East European Studies
,,Faculty of Arts and Humanities | Hebrew and Jewish Studies
,,"Faculty of Arts and Humanities | School of European Languages, Culture and Society"
,,"Faculty of Arts and Humanities | School of European Languages, Culture and Society"
,,"Faculty of Arts and Humanities | School of European Languages, Culture and Society"
,,IOE | Learning and Leadership
,,Faculty of Mathematical and Physical Sciences | Earth Sciences
,,Faculty of Mathematical and Physical Sciences | Earth Sciences
,,Faculty of Mathematical and Physical Sciences | Earth Sciences
,,Faculty of Arts and Humanities | SSEES - School of Slavonic and East European Studies
,,Faculty of Arts and Humanities | SSEES - School of Slavonic and East European Studies
,,Faculty of Mathematical and Physical Sciences | Statistical Science
,,Faculty of Social and Historical Sciences | Economics
,,Faculty of Social and Historical Sciences | Economics
,,"Institute of Education | Education, Practice and Society"
,,Faculty of Engineering Sciences | Electronic and Electrical Engineering
,,Faculty of Engineering Sciences | Electronic and Electrical Engineering
,,Faculty of the Built Environment | Bartlett School of Architecture
,,Faculty of Engineering Sciences | Faculty of Engineering Sciences
,,Faculty of Arts and Humanities | English Language and Literature
,,Faculty of Mathematical and Physical Sciences | Earth Sciences
,,Faculty of Mathematical and Physical Sciences | Earth Sciences
,,Faculty of Arts and Humanities | European and International Social and Political Studies
,,Faculty of Arts and Humanities | European and International Social and Political Studies
,,Faculty of Brain Sciences | Division of Psychology and Language Sciences
,,Faculty of Brain Sciences | Division of Psychology and Language Sciences
,,Faculty of Arts and Humanities | Slade School of Fine Art
,,Faculty of Arts and Humanities | Slade School of Fine Art
,,Faculty of Arts and Humanities | SSEES - School of Slavonic and East European Studies
,,Faculty of Arts and Humanities | SSEES - School of Slavonic and East European Studies
,,Faculty of Arts and Humanities | SSEES - School of Slavonic and East European Studies
,,Faculty of Arts and Humanities | Hebrew and Jewish Studies
,,Faculty of Arts and Humanities | SSEES - School of Slavonic and East European Studies
,,Faculty of Arts and Humanities | SSEES - School of Slavonic and East European Studies
,,Faculty of Arts and Humanities | SSEES - School of Slavonic and East European Studies
,,Faculty of Arts and Humanities | SSEES - School of Slavonic and East European Studies
,,Faculty of Arts and Humanities | SSEES - School of Slavonic and East European Studies
,,Faculty of Arts and Humanities | SSEES - School of Slavonic and East European Studies
,,Faculty of Arts and Humanities | SSEES - School of Slavonic and East European Studies
,,Faculty of Arts and Humanities | SSEES - School of Slavonic and East European Studies
,,Faculty of Arts and Humanities | SSEES - School of Slavonic and East European Studies
,,Faculty of Arts and Humanities | SSEES - School of Slavonic and East European Studies
,,Faculty of Arts and Humanities | SSEES - School of Slavonic and East European Studies
,,Faculty of Arts and Humanities | Hebrew and Jewish Studies
,,"Faculty of Arts and Humanities | School of European Languages, Culture and Society"
,,"Faculty of Arts and Humanities | School of European Languages, Culture and Society"
,,Faculty of Arts and Humanities | Hebrew and Jewish Studies
,,"Faculty of Arts and Humanities | School of European Languages, Culture and Society"
,,Faculty of Arts and Humanities | SSEES - School of Slavonic and East European Studies
,,"Faculty of Arts and Humanities | School of European Languages, Culture and Society"
,,"Faculty of Arts and Humanities | School of European Languages, Culture and Society"
,,"Faculty of Arts and Humanities | School of European Languages, Culture and Society"
,,"Faculty of Arts and Humanities | School of European Languages, Culture and Society"
,,Faculty of Arts and Humanities | SSEES - School of Slavonic and East European Studies
,,"Faculty of Arts and Humanities | School of European Languages, Culture and Society"
,,Faculty of Arts and Humanities | SSEES - School of Slavonic and East European Studies
,,Faculty of Arts and Humanities | SSEES - School of Slavonic and East European Studies
,,Faculty of Arts and Humanities | SSEES - School of Slavonic and East European Studies
,,"Faculty of Arts and Humanities | School of European Languages, Culture and Society"
,,"Faculty of Arts and Humanities | School of European Languages, Culture and Society"
,,Faculty of Arts and Humanities | SSEES - School of Slavonic and East European Studies
,,Faculty of Arts and Humanities | Hebrew and Jewish Studies
,,"Faculty of Arts and Humanities | School of European Languages, Culture and Society"
,,"Faculty of Arts and Humanities | School of European Languages, Culture and Society"
,,"Faculty of Arts and Humanities | School of European Languages, Culture and Society"
,,Faculty of Social and Historical Sciences | Geography
,,Faculty of Social and Historical Sciences | Geography
,,Faculty of Social and Historical Sciences | Geography
,,Faculty of Social and Historical Sciences | Geography
,,Faculty of Social and Historical Sciences | Geography
,,Faculty of Mathematical and Physical Sciences | Earth Sciences
,,Faculty of Mathematical and Physical Sciences | Earth Sciences
,,Faculty of Mathematical and Physical Sciences | Earth Sciences
,,Faculty of Mathematical and Physical Sciences | Earth Sciences
,,"Faculty of Arts and Humanities | School of European Languages, Culture and Society"
,,Faculty of Arts and Humanities | Hebrew and Jewish Studies
,,"Faculty of Arts and Humanities | School of European Languages, Culture and Society"
,,Faculty of Arts and Humanities | SSEES - School of Slavonic and East European Studies
,,"Faculty of Arts and Humanities | School of European Languages, Culture and Society"
,,"Faculty of Arts and Humanities | School of European Languages, Culture and Society"
,,"Faculty of Arts and Humanities | School of European Languages, Culture and Society"
,,"Faculty of Arts and Humanities | School of European Languages, Culture and Society"
,,Faculty of Arts and Humanities | SSEES - School of Slavonic and East European Studies
,,"Faculty of Arts and Humanities | School of European Languages, Culture and Society"
,,Faculty of Arts and Humanities | SSEES - School of Slavonic and East European Studies
,,Faculty of Arts and Humanities | SSEES - School of Slavonic and East European Studies
,,Faculty of Arts and Humanities | SSEES - School of Slavonic and East European Studies
,,"Faculty of Arts and Humanities | School of European Languages, Culture and Society"
,,"Faculty of Arts and Humanities | School of European Languages, Culture and Society"
,,Faculty of Arts and Humanities | SSEES - School of Slavonic and East European Studies
,,Faculty of Arts and Humanities | Hebrew and Jewish Studies
,,"Faculty of Arts and Humanities | School of European Languages, Culture and Society"
,,"Faculty of Arts and Humanities | School of European Languages, Culture and Society"
,,"Faculty of Arts and Humanities | School of European Languages, Culture and Society"
,,Faculty of Mathematical and Physical Sciences | Institute for Risk and Disaster Reduction
,,Faculty of Arts and Humanities | Greek and Latin
,,Faculty of Arts and Humanities | Hebrew and Jewish Studies
,,Faculty of Arts and Humanities | Hebrew and Jewish Studies
,,Faculty of Arts and Humanities | Hebrew and Jewish Studies
,,Faculty of Arts and Humanities | Hebrew and Jewish Studies
,,Faculty of Arts and Humanities | Hebrew and Jewish Studies
,,Faculty of Arts and Humanities | Hebrew and Jewish Studies
,,Faculty of Arts and Humanities | Hebrew and Jewish Studies
,,Faculty of Arts and Humanities | Hebrew and Jewish Studies
,,Faculty of Arts and Humanities | Hebrew and Jewish Studies
,,Faculty of Arts and Humanities | Hebrew and Jewish Studies
,,Faculty of Arts and Humanities | Hebrew and Jewish Studies
,,Faculty of Arts and Humanities | Hebrew and Jewish Studies
,,Faculty of Arts and Humanities | Hebrew and Jewish Studies
,,Faculty of Arts and Humanities | Hebrew and Jewish Studies
,,Faculty of Arts and Humanities | Hebrew and Jewish Studies
,,Faculty of Mathematical and Physical Sciences | Science and Technology Studies
,,Faculty of Social and Historical Sciences | Institute of the Americas
,,Faculty of Social and Historical Sciences | Institute of the Americas
,,Faculty of Social and Historical Sciences | History
,,Faculty of Social and Historical Sciences | History of Art
,,Faculty of Social and Historical Sciences | History
,,Faculty of Arts and Humanities | SSEES - School of Slavonic and East European Studies
,,Faculty of Brain Sciences | UCL Queen Square Institute of Neurology
,,Faculty of Life Sciences | Division of Biosciences
,,Faculty of Life Sciences | Division of Biosciences
,,Faculty of Arts and Humanities | SSEES - School of Slavonic and East European Studies
,,Faculty of Arts and Humanities | SSEES - School of Slavonic and East European Studies
,,Faculty of Arts and Humanities | SSEES - School of Slavonic and East European Studies
,,Faculty of Arts and Humanities | SSEES - School of Slavonic and East European Studies
,,Faculty of Arts and Humanities | SSEES - School of Slavonic and East European Studies
,,Faculty of Arts and Humanities | SSEES - School of Slavonic and East European Studies
,,Faculty of Arts and Humanities | SSEES - School of Slavonic and East European Studies
,,Faculty of Arts and Humanities | SSEES - School of Slavonic and East European Studies
,,Faculty of Arts and Humanities | SSEES - School of Slavonic and East European Studies
,,Faculty of Arts and Humanities | SSEES - School of Slavonic and East European Studies
,,Faculty of Arts and Humanities | SSEES - School of Slavonic and East European Studies
,,Faculty of Arts and Humanities | Hebrew and Jewish Studies
,,"Faculty of Arts and Humanities | School of European Languages, Culture and Society"
,,Faculty of Medical Sciences | Division of Infection and Immunity
,,Faculty of Arts and Humanities | Information Studies
,,Faculty of Engineering Sciences | UCL School of Management
,,Faculty of Engineering Sciences | UCL School of Management
,,Faculty of Arts and Humanities | European and International Social and Political Studies
,,"Faculty of Arts and Humanities | School of European Languages, Culture and Society"
,,"Faculty of Arts and Humanities | School of European Languages, Culture and Society"
,,"Faculty of Arts and Humanities | School of European Languages, Culture and Society"
,,"Faculty of Arts and Humanities | School of European Languages, Culture and Society"
,,"Faculty of Arts and Humanities | School of European Languages, Culture and Society"
,,Faculty of Arts and Humanities | SSEES - School of Slavonic and East European Studies
,,"Faculty of Arts and Humanities | School of European Languages, Culture and Society"
,,Faculty of Arts and Humanities | SSEES - School of Slavonic and East European Studies
,,Faculty of Arts and Humanities | SSEES - School of Slavonic and East European Studies
,,Faculty of Arts and Humanities | SSEES - School of Slavonic and East European Studies
,,"Faculty of Arts and Humanities | School of European Languages, Culture and Society"
,,"Faculty of Arts and Humanities | School of European Languages, Culture and Society"
,,Faculty of Arts and Humanities | SSEES - School of Slavonic and East European Studies
,,Faculty of Arts and Humanities | Hebrew and Jewish Studies
,,"Faculty of Arts and Humanities | School of European Languages, Culture and Society"
,,"Faculty of Arts and Humanities | School of European Languages, Culture and Society"
,,"Faculty of Arts and Humanities | School of European Languages, Culture and Society"
,,"Faculty of Arts and Humanities | School of European Languages, Culture and Society"
,,Faculty of Arts and Humanities | Greek and Latin
,,Faculty of Laws | Laws
,,Faculty of Laws | Laws
,,Faculty of Laws | Laws
,,Faculty of Laws | Laws
,,Faculty of Brain Sciences | Division of Psychology and Language Sciences
,,Faculty of Brain Sciences | Division of Psychology and Language Sciences
,,Faculty of Engineering Sciences | UCL School of Management
,,Faculty of Engineering Sciences | UCL School of Management
,,Faculty of Engineering Sciences | UCL School of Management
,,Faculty of Mathematical and Physical Sciences | Mathematics
,,Faculty of Mathematical and Physical Sciences | Mathematics
,,"IOE | Curriculum, Pedagogy and Assessment"
,,Faculty of Mathematical and Physical Sciences | Mathematics
,,Faculty of Mathematical and Physical Sciences | Mathematics
,,Faculty of Mathematical and Physical Sciences | Mathematics
,,Faculty of Mathematical and Physical Sciences | Mathematics
,,Faculty of Mathematical and Physical Sciences | Mathematics
,,Faculty of Mathematical and Physical Sciences | Mathematics
,,Faculty of Mathematical and Physical Sciences | Mathematics
,,Faculty of Mathematical and Physical Sciences | Mathematics
,,Faculty of Mathematical and Physical Sciences | Mathematics
,,Faculty of Mathematical and Physical Sciences | Mathematics
,,Faculty of Mathematical and Physical Sciences | Mathematics
,,Faculty of Mathematical and Physical Sciences | Mathematics
,,Faculty of Engineering Sciences | Mechanical Engineering
,,Faculty of Engineering Sciences | Mechanical Engineering
,,Faculty of Engineering Sciences | Mechanical Engineering
,,"Institute of Education | Culture, Communication and Media"
,,Faculty of Medical Sciences | Division of Surgery and Interventional Science
,,Faculty of Medical Sciences | Division of Surgery and Interventional Science
,,Faculty of Engineering Sciences | Medical Physics and Biomedical Engineering
,,Faculty of Medical Sciences | UCL Medical School
,,Faculty of Mathematical and Physical Sciences | Natural Sciences
,,Faculty of Mathematical and Physical Sciences | Natural Sciences
,,Faculty of Life Sciences | Division of Biosciences
,,Faculty of Life Sciences | Division of Biosciences
,,Faculty of Arts and Humanities | SSEES - School of Slavonic and East European Studies
,,"Faculty of Arts and Humanities | School of European Languages, Culture and Society"
,,Faculty of Arts and Humanities | SSEES - School of Slavonic and East European Studies
,,Faculty of Arts and Humanities | SSEES - School of Slavonic and East European Studies
,,Faculty of Arts and Humanities | SSEES - School of Slavonic and East European Studies
,,"Faculty of Arts and Humanities | School of European Languages, Culture and Society"
,,Faculty of Arts and Humanities | SSEES - School of Slavonic and East European Studies
,,Faculty of Arts and Humanities | Hebrew and Jewish Studies
,,Faculty of Medical Sciences | Division of Medicine
,,Faculty of Life Sciences | Division of Biosciences
,,Faculty of Life Sciences | Division of Biosciences
,,Faculty of Life Sciences | School of Pharmacy
,,Faculty of Life Sciences | School of Pharmacy
,,Faculty of Arts and Humanities | Philosophy
,,Faculty of Arts and Humanities | Philosophy
,,Faculty of Arts and Humanities | Philosophy
,,Faculty of Arts and Humanities | Philosophy
,,Faculty of Social and Historical Sciences | Political Science
,,Faculty of Mathematical and Physical Sciences | Physics and Astronomy
,,Faculty of Mathematical and Physical Sciences | Physics and Astronomy
,,Faculty of Engineering Sciences | Medical Physics and Biomedical Engineering
,,Faculty of Arts and Humanities | SSEES - School of Slavonic and East European Studies
,,Faculty of Arts and Humanities | SSEES - School of Slavonic and East European Studies
,,Faculty of Arts and Humanities | SSEES - School of Slavonic and East European Studies
,,Faculty of Arts and Humanities | SSEES - School of Slavonic and East European Studies
,,Faculty of Arts and Humanities | SSEES - School of Slavonic and East European Studies
,,Faculty of Arts and Humanities | SSEES - School of Slavonic and East European Studies
,,Faculty of Arts and Humanities | SSEES - School of Slavonic and East European Studies
,,Faculty of Arts and Humanities | SSEES - School of Slavonic and East European Studies
,,Faculty of Arts and Humanities | Hebrew and Jewish Studies
,,Faculty of Social and Historical Sciences | Political Science
,,Faculty of Arts and Humanities | SSEES - School of Slavonic and East European Studies
,,Faculty of Arts and Humanities | SSEES - School of Slavonic and East European Studies
,,Faculty of Population Health Sciences | Institute of Epidemiology and Health Care
,,Faculty of Population Health Sciences | Institute of Epidemiology and Health Care
,,Faculty of Population Health Sciences | Institute of Epidemiology and Health Care
,,Faculty of Population Health Sciences | Institute of Epidemiology and Health Care
,,Faculty of Arts and Humanities | School of Slavonic and East European Studies
,,Faculty of Brain Sciences | Division of Psychology and Language Sciences
,,Faculty of Brain Sciences | Division of Psychology and Language Sciences
,,Faculty of Brain Sciences | Division of Psychology and Language Sciences
,,Faculty of Brain Sciences | Division of Psychology and Language Sciences
,,Institute of Education | Psychology and Human Development
,,Faculty of Engineering Sciences | Computer Science
,,Faculty of Arts and Humanities | SSEES - School of Slavonic and East European Studies
,,Faculty of Arts and Humanities | SSEES - School of Slavonic and East European Studies
,,Faculty of Arts and Humanities | SSEES - School of Slavonic and East European Studies
,,Faculty of Arts and Humanities | SSEES - School of Slavonic and East European Studies
,,Faculty of Arts and Humanities | SSEES - School of Slavonic and East European Studies
,,Faculty of Arts and Humanities | SSEES - School of Slavonic and East European Studies
,,Faculty of Arts and Humanities | SSEES - School of Slavonic and East European Studies
,,Faculty of Arts and Humanities | Hebrew and Jewish Studies
,,Faculty of Arts and Humanities | SSEES - School of Slavonic and East European Studies
,,Faculty of Arts and Humanities | SSEES - School of Slavonic and East European Studies
,,Faculty of Arts and Humanities | SSEES - School of Slavonic and East European Studies
,,Faculty of Arts and Humanities | SSEES - School of Slavonic and East European Studies
,,Faculty of Arts and Humanities | SSEES - School of Slavonic and East European Studies
,,Faculty of Arts and Humanities | SSEES - School of Slavonic and East European Studies
,,Faculty of Arts and Humanities | Hebrew and Jewish Studies
,,Faculty of Arts and Humanities | SSEES - School of Slavonic and East European Studies
,,Faculty of Arts and Humanities | SSEES - School of Slavonic and East European Studies
,,"Faculty of Arts and Humanities | School of European Languages, Culture and Society"
,,"Faculty of Arts and Humanities | School of European Languages, Culture and Society"
,,"Faculty of Arts and Humanities | School of European Languages, Culture and Society"
,,"Faculty of Arts and Humanities | School of European Languages, Culture and Society"
,,"Faculty of Arts and Humanities | School of European Languages, Culture and Society"
,,"Faculty of Arts and Humanities | School of European Languages, Culture and Society"
,,"Faculty of Arts and Humanities | School of European Languages, Culture and Society"
,,"Faculty of Engineering Sciences | Science, Technology, Engineering and Public Policy"
,,Faculty of Arts and Humanities | SSEES - School of Slavonic and East European Studies
,,Faculty of Arts and Humanities | SSEES - School of Slavonic and East European Studies
,,Faculty of Arts and Humanities | SSEES - School of Slavonic and East European Studies
,,Faculty of Arts and Humanities | SSEES - School of Slavonic and East European Studies
,,Faculty of Arts and Humanities | SSEES - School of Slavonic and East European Studies
,,Faculty of Arts and Humanities | Hebrew and Jewish Studies
,,Institute of Education | Social Research Institute
,,Institute of Education | Social Research Institute
,,Faculty of Mathematical and Physical Sciences | Science and Technology Studies
,,Institute of Education | Social Research Institute
,,"Faculty of Arts and Humanities | School of European Languages, Culture and Society"
,,"Faculty of Arts and Humanities | School of European Languages, Culture and Society"
,,"Faculty of Arts and Humanities | School of European Languages, Culture and Society"
,,"Faculty of Arts and Humanities | School of European Languages, Culture and Society"
,,"Faculty of Arts and Humanities | School of European Languages, Culture and Society"
,,"Faculty of Arts and Humanities | School of European Languages, Culture and Society"
,,Faculty of Arts and Humanities | SSEES - School of Slavonic and East European Studies
,,Faculty of Arts and Humanities | Hebrew and Jewish Studies
,,"Faculty of Arts and Humanities | School of European Languages, Culture and Society"
,,"Faculty of Arts and Humanities | School of European Languages, Culture and Society"
,,Faculty of Medical Sciences | Division of Surgery and Interventional Science
,,Faculty of Mathematical and Physical Sciences | Statistical Science
,,Faculty of Mathematical and Physical Sciences | Statistical Science
,,Faculty of Mathematical and Physical Sciences | Statistical Science
,,Faculty of Mathematical and Physical Sciences | Statistical Science
,,Faculty of Mathematical and Physical Sciences | Statistical Science
,,"Faculty of the Built Environment | Bartlett School of Environment, Energy and Resources"
,,"Faculty of the Built Environment | Bartlett School of Environment, Energy and Resources"
,,"Faculty of Arts and Humanities | School of European Languages, Culture and Society"
,,Faculty of Arts and Humanities | Hebrew and Jewish Studies
,,Faculty of Engineering Sciences | UCL School of Management
,,Faculty of Mathematical and Physical Sciences | Physics and Astronomy
,,Faculty of Mathematical and Physical Sciences | Physics and Astronomy
,,Faculty of Arts and Humanities | SSEES - School of Slavonic and East European Studies
,,Faculty of Arts and Humanities | SSEES - School of Slavonic and East European Studies
,,Faculty of Arts and Humanities | SSEES - School of Slavonic and East European Studies
,,Faculty of Arts and Humanities | Hebrew and Jewish Studies
,,Faculty of the Built Environment | Bartlett School of Planning
,,Faculty of the Built Environment | Bartlett School of Planning
,,Faculty of the Built Environment | Bartlett School of Planning
,,"Faculty of Arts and Humanities | School of European Languages, Culture and Society"
,,"IOE | Curriculum, Pedagogy and Assessment"
,,Faculty of Social and Historical Sciences | Anthropology
,,Faculty of Social and Historical Sciences | Anthropology
,,Faculty of Social and Historical Sciences | Institute of Archaeology
,,Faculty of Social and Historical Sciences | Institute of Archaeology
,,Faculty of Social and Historical Sciences | Institute of Archaeology
,,Faculty of Social and Historical Sciences | Institute of Archaeology
,,Faculty of Social and Historical Sciences | Institute of Archaeology
,,Faculty of Social and Historical Sciences | Institute of Archaeology
,,Faculty of the Built Environment | Bartlett School of Architecture
,,Faculty of the Built Environment | Bartlett School of Architecture
,,Faculty of the Built Environment | Bartlett School of Architecture
,,Faculty of the Built Environment | Bartlett School of Architecture
,,Faculty of the Built Environment | Bartlett School of Architecture
,,Faculty of Arts and Humanities | Arts and Sciences BASc
,,Faculty of Arts and Humanities | Arts and Sciences BASc
,,Faculty of Brain Sciences | Ear Institute
